,wind_direction,wind_speed,wave_height,surf_avg
2016-05-18 13:00:00,-1.1514026752296087,-0.8651622106704001,-1.1194789111065677,2.4673559999999997
2016-05-18 14:00:00,-1.1514026752296087,-0.8651622106704001,-0.777411511475759,2.4470359999999998
2016-05-18 15:00:00,-1.5011618366273674,-0.8651622106704001,-0.6633890449321563,2.426716
2016-05-18 16:00:00,-1.1514026752296087,-1.225437972198849,-0.891433978019362,2.406396
2016-05-18 17:00:00,-1.1514026752296087,-1.0453000914346247,-0.777411511475759,2.386076
2016-05-18 18:00:00,-1.1514026752296087,-1.4055758529630735,-0.777411511475759,2.365756
2016-05-18 19:00:00,-1.1514026752296087,-1.0453000914346247,-0.777411511475759,2.3454360000000003
2016-05-18 20:00:00,-1.1514026752296087,-0.6850243299061757,-0.777411511475759,2.252218
2016-05-18 21:00:00,-1.5011618366273674,-0.6850243299061757,-0.6633890449321563,2.1590000000000003
2016-05-18 22:00:00,-1.1514026752296087,-0.6850243299061757,-0.5493665783885533,2.0657820000000005
2016-05-18 23:00:00,-1.5011618366273674,-1.0453000914346247,-0.32132164530134766,1.9725640000000002
2016-05-19 00:00:00,-1.1514026752296087,-0.5048864491419512,-0.32132164530134766,1.8793460000000002
2016-05-19 01:00:00,-1.1514026752296087,-0.6850243299061757,-0.09327671221414195,1.7861280000000002
2016-05-19 02:00:00,-1.1514026752296087,-0.5048864491419512,-0.32132164530134766,1.7162780000000002
2016-05-19 03:00:00,-1.1514026752296087,-0.6850243299061757,-0.43534411184495037,1.646428
2016-05-19 04:00:00,-1.1514026752296087,-0.6850243299061757,-0.43534411184495037,1.576578
2016-05-19 05:00:00,-1.5011618366273674,-0.8651622106704001,-0.5493665783885533,1.506728
2016-05-19 06:00:00,-1.5011618366273674,-0.6850243299061757,-0.5493665783885533,1.436878
2016-05-19 07:00:00,-1.5011618366273674,-0.5048864491419512,-0.777411511475759,1.367028
2016-05-19 08:00:00,-1.0975935734761073,-0.5048864491419512,-0.777411511475759,1.328166
2016-05-19 09:00:00,-1.5011618366273674,-0.32474856837772675,-0.777411511475759,1.289304
2016-05-19 10:00:00,-1.0975935734761073,-0.32474856837772675,-0.891433978019362,1.250442
2016-05-19 11:00:00,-1.0975935734761073,-0.32474856837772675,-0.6633890449321563,1.2115799999999999
2016-05-19 12:00:00,-1.0975935734761073,-0.5048864491419512,-0.6633890449321563,1.172718
2016-05-19 13:00:00,-1.0975935734761073,-0.5048864491419512,-0.6633890449321563,1.133856
2016-05-19 14:00:00,-1.0975935734761073,-0.5048864491419512,-0.6633890449321563,1.10998
2016-05-19 15:00:00,-1.0975935734761073,-0.6850243299061757,-0.6633890449321563,1.086104
2016-05-19 16:00:00,-1.0975935734761073,-0.32474856837772675,-0.777411511475759,1.062228
2016-05-19 17:00:00,-1.0975935734761073,-0.6850243299061757,-0.777411511475759,1.038352
2016-05-19 18:00:00,-1.0975935734761073,-1.0453000914346247,-0.777411511475759,1.014476
2016-05-19 19:00:00,-1.0975935734761073,-0.6850243299061757,-0.891433978019362,0.9906
2016-05-19 20:00:00,-1.0975935734761073,-0.5048864491419512,-0.891433978019362,0.970788
2016-05-19 21:00:00,-1.0975935734761073,-0.1446106876135023,-0.891433978019362,0.950976
2016-05-19 22:00:00,-1.0975935734761073,-0.1446106876135023,-0.891433978019362,0.9311640000000001
2016-05-19 23:00:00,-1.0975935734761073,0.03552719315072216,-0.891433978019362,0.911352
2016-05-20 00:00:00,-1.0975935734761073,-0.5048864491419512,-0.891433978019362,0.89154
2016-05-20 01:00:00,-1.0975935734761073,-0.5048864491419512,-0.777411511475759,0.8717280000000001
2016-05-20 02:00:00,-1.0975935734761073,-0.32474856837772675,-0.777411511475759,0.8501380000000001
2016-05-20 03:00:00,-0.6940253103248473,-0.5048864491419512,-0.891433978019362,0.8285480000000001
2016-05-20 04:00:00,-0.6940253103248473,-0.5048864491419512,-0.891433978019362,0.8069580000000001
2016-05-20 05:00:00,-0.6940253103248473,-0.32474856837772675,-1.0054564445629648,0.7853680000000001
2016-05-20 06:00:00,-0.6940253103248473,-0.5048864491419512,-0.891433978019362,0.7637780000000001
2016-05-20 07:00:00,-0.6940253103248473,-0.5048864491419512,-1.0054564445629648,0.7421880000000001
2016-05-20 08:00:00,-0.2904570471735873,-0.1446106876135023,-0.891433978019362,0.728218
2016-05-20 09:00:00,-0.6940253103248473,-0.1446106876135023,-0.891433978019362,0.7142480000000001
2016-05-20 10:00:00,-0.6940253103248473,-0.5048864491419512,-0.891433978019362,0.7002780000000001
2016-05-20 11:00:00,-0.6940253103248473,-0.32474856837772675,-0.777411511475759,0.686308
2016-05-20 12:00:00,-0.2904570471735873,-0.32474856837772675,-0.891433978019362,0.6723380000000001
2016-05-20 13:00:00,-0.6940253103248473,-0.32474856837772675,-0.777411511475759,0.6583680000000001
2016-05-20 14:00:00,-0.6940253103248473,-0.1446106876135023,-0.6633890449321563,0.6471920000000001
2016-05-20 15:00:00,-0.2904570471735873,-0.1446106876135023,-0.6633890449321563,0.636016
2016-05-20 16:00:00,-0.2904570471735873,-0.32474856837772675,-0.5493665783885533,0.6248400000000001
2016-05-20 17:00:00,-0.2904570471735873,-0.1446106876135023,-0.6633890449321563,0.6136640000000001
2016-05-20 18:00:00,-0.2904570471735873,-0.1446106876135023,-0.6633890449321563,0.602488
2016-05-20 19:00:00,-0.2904570471735873,0.03552719315072216,-0.777411511475759,0.5913120000000001
2016-05-20 20:00:00,-0.6940253103248473,0.3958029546791711,-0.777411511475759,0.5897880000000001
2016-05-20 21:00:00,-0.6940253103248473,0.21566507391494663,-0.891433978019362,0.588264
2016-05-20 22:00:00,-0.2904570471735873,0.03552719315072216,-0.891433978019362,0.58674
2016-05-20 23:00:00,-0.2904570471735873,0.03552719315072216,-0.891433978019362,0.5852160000000001
2016-05-21 00:00:00,-0.2904570471735873,-0.1446106876135023,-0.891433978019362,0.583692
2016-05-21 01:00:00,-0.6940253103248473,-0.6850243299061757,-1.0054564445629648,0.582168
2016-05-21 02:00:00,-0.2904570471735873,-0.6850243299061757,-0.891433978019362,0.585724
2016-05-21 03:00:00,-0.2904570471735873,-0.6850243299061757,-1.0054564445629648,0.58928
2016-05-21 04:00:00,-0.2904570471735873,-0.32474856837772675,-0.891433978019362,0.592836
2016-05-21 05:00:00,-0.2904570471735873,-0.5048864491419512,-1.0054564445629648,0.596392
2016-05-21 06:00:00,-0.2904570471735873,-0.6850243299061757,-1.1194789111065677,0.599948
2016-05-21 07:00:00,-0.2904570471735873,-0.32474856837772675,-1.1194789111065677,0.603504
2016-05-21 08:00:00,-0.2904570471735873,0.03552719315072216,-1.1194789111065677,0.618236
2016-05-21 09:00:00,-0.2904570471735873,-0.32474856837772675,-1.1194789111065677,0.6329680000000001
2016-05-21 10:00:00,-0.2904570471735873,-0.1446106876135023,-1.0054564445629648,0.6477
2016-05-21 11:00:00,-0.2904570471735873,-0.32474856837772675,-1.0054564445629648,0.662432
2016-05-21 12:00:00,-0.2904570471735873,-0.32474856837772675,-1.0054564445629648,0.6771640000000001
2016-05-21 13:00:00,-0.2904570471735873,-0.32474856837772675,-1.0054564445629648,0.6918960000000001
2016-05-21 14:00:00,-0.2904570471735873,-0.1446106876135023,-0.891433978019362,0.766572
2016-05-21 15:00:00,-0.2904570471735873,0.21566507391494663,-0.777411511475759,0.8412480000000001
2016-05-21 16:00:00,-0.2904570471735873,0.03552719315072216,-0.777411511475759,0.9159240000000001
2016-05-21 17:00:00,-0.2904570471735873,0.03552719315072216,-0.777411511475759,0.9906000000000001
2016-05-21 18:00:00,-0.2904570471735873,0.21566507391494663,-0.6633890449321563,1.0652760000000001
2016-05-21 19:00:00,-0.2904570471735873,0.03552719315072216,-0.5493665783885533,1.139952
2016-05-21 20:00:00,0.1131112159776727,0.21566507391494663,-0.20729917875774467,1.2928600000000001
2016-05-21 21:00:00,-0.2904570471735873,0.03552719315072216,-0.32132164530134766,1.445768
2016-05-21 22:00:00,-0.2904570471735873,0.21566507391494663,-0.09327671221414195,1.598676
2016-05-21 23:00:00,-0.2904570471735873,0.5759408354433956,-0.20729917875774467,1.7515839999999998
2016-05-22 00:00:00,0.1131112159776727,0.5759408354433956,0.02074575432946103,1.9044919999999999
2016-05-22 01:00:00,-0.2904570471735873,0.9362165969718445,0.248790687416667,2.0574
2016-05-22 02:00:00,-0.2904570471735873,0.75607871620762,0.02074575432946103,2.1503639999999997
2016-05-22 03:00:00,-0.2904570471735873,0.75607871620762,0.47683562050387246,2.243328
2016-05-22 04:00:00,-0.2904570471735873,0.75607871620762,0.3628131539602695,2.3362920000000003
2016-05-22 05:00:00,-0.2904570471735873,0.5759408354433956,0.134768220873064,2.429256
2016-05-22 06:00:00,-0.2904570471735873,0.75607871620762,0.47683562050387246,2.52222
2016-05-22 07:00:00,-0.2904570471735873,0.75607871620762,0.3628131539602695,2.615184
2016-05-22 08:00:00,-0.2904570471735873,0.5759408354433956,0.47683562050387246,2.5953720000000002
2016-05-22 09:00:00,0.1131112159776727,0.75607871620762,0.5908580870474754,2.5755600000000003
2016-05-22 10:00:00,0.1131112159776727,0.9362165969718445,0.3628131539602695,2.5557480000000004
2016-05-22 11:00:00,0.1131112159776727,0.75607871620762,0.3628131539602695,2.535936
2016-05-22 12:00:00,0.9202477422801927,1.116354477736069,0.248790687416667,2.516124
2016-05-22 13:00:00,0.5166794791289328,1.6567681200287423,0.7048805535910784,2.496312
2016-05-22 14:00:00,0.1131112159776727,0.9362165969718445,0.7048805535910784,2.423414
2016-05-22 15:00:00,0.1131112159776727,0.9362165969718445,0.8189030201346814,2.3505160000000003
2016-05-22 16:00:00,0.1131112159776727,0.9362165969718445,0.8189030201346814,2.2776180000000004
2016-05-22 17:00:00,0.1131112159776727,0.21566507391494663,0.5908580870474754,2.20472
2016-05-22 18:00:00,0.5166794791289328,0.03552719315072216,0.7048805535910784,2.131822
2016-05-22 19:00:00,0.9202477422801927,0.21566507391494663,0.8189030201346814,2.058924
2016-05-22 20:00:00,0.5166794791289328,0.03552719315072216,0.7048805535910784,1.9987260000000002
2016-05-22 21:00:00,0.5166794791289328,0.03552719315072216,0.8189030201346814,1.9385280000000003
2016-05-22 22:00:00,0.5166794791289328,0.03552719315072216,0.248790687416667,1.87833
2016-05-22 23:00:00,0.5166794791289328,-0.1446106876135023,0.47683562050387246,1.818132
2016-05-23 00:00:00,0.5166794791289328,0.03552719315072216,0.134768220873064,1.757934
2016-05-23 01:00:00,1.3238160054314527,0.21566507391494663,0.134768220873064,1.6977360000000001
2016-05-23 02:00:00,0.9202477422801927,0.03552719315072216,0.134768220873064,1.639316
2016-05-23 03:00:00,0.5166794791289328,-0.32474856837772675,-0.09327671221414195,1.580896
2016-05-23 04:00:00,0.5166794791289328,-1.0453000914346247,0.134768220873064,1.5224760000000002
2016-05-23 05:00:00,0.1131112159776727,-0.8651622106704001,0.248790687416667,1.464056
2016-05-23 06:00:00,0.5166794791289328,-0.6850243299061757,0.02074575432946103,1.4056359999999999
2016-05-23 07:00:00,0.5166794791289328,-0.8651622106704001,0.02074575432946103,1.347216
2016-05-23 08:00:00,0.1131112159776727,-0.8651622106704001,0.02074575432946103,1.30556
2016-05-23 09:00:00,0.1131112159776727,-0.8651622106704001,-0.09327671221414195,1.263904
2016-05-23 10:00:00,0.1131112159776727,-0.8651622106704001,-0.20729917875774467,1.222248
2016-05-23 11:00:00,0.1131112159776727,-1.225437972198849,-0.20729917875774467,1.180592
2016-05-23 12:00:00,0.1131112159776727,-1.0453000914346247,-0.20729917875774467,1.138936
2016-05-23 13:00:00,0.1131112159776727,-1.225437972198849,-0.43534411184495037,1.09728
2016-05-23 14:00:00,0.5166794791289328,-1.4055758529630735,-0.20729917875774467,1.090168
2016-05-23 15:00:00,0.1131112159776727,-1.4055758529630735,-0.32132164530134766,1.083056
2016-05-23 16:00:00,0.1131112159776727,-1.4055758529630735,-0.32132164530134766,1.075944
2016-05-23 17:00:00,0.1131112159776727,-1.4055758529630735,-0.32132164530134766,1.068832
2016-05-23 18:00:00,0.1131112159776727,-1.585713733727298,-0.20729917875774467,1.06172
2016-05-23 19:00:00,0.1131112159776727,-1.585713733727298,-0.5493665783885533,1.054608
2016-05-23 20:00:00,-0.2904570471735873,-1.4055758529630735,-0.5493665783885533,1.00584
2016-05-23 21:00:00,0.1131112159776727,-1.585713733727298,-0.43534411184495037,0.957072
2016-05-23 22:00:00,-0.6940253103248473,-1.225437972198849,-0.5493665783885533,0.908304
2016-05-23 23:00:00,-0.2904570471735873,-1.585713733727298,-0.6633890449321563,0.859536
2016-05-24 00:00:00,-0.2904570471735873,-1.4055758529630735,-0.6633890449321563,0.8107679999999999
2016-05-24 01:00:00,-0.2904570471735873,-1.225437972198849,-0.777411511475759,0.762
2016-05-24 02:00:00,-0.6940253103248473,-0.8651622106704001,-0.6633890449321563,0.73533
2016-05-24 03:00:00,-0.2904570471735873,-0.8651622106704001,-0.777411511475759,0.7086600000000001
2016-05-24 04:00:00,-0.2904570471735873,-0.8651622106704001,-0.777411511475759,0.6819900000000001
2016-05-24 05:00:00,-0.2904570471735873,-0.6850243299061757,-0.5493665783885533,0.65532
2016-05-24 06:00:00,-0.2904570471735873,-0.6850243299061757,-0.6633890449321563,0.62865
2016-05-24 07:00:00,-0.2904570471735873,-0.5048864491419512,-0.6633890449321563,0.6019800000000001
2016-05-24 08:00:00,-0.2904570471735873,-0.6850243299061757,-0.891433978019362,0.584454
2016-05-24 09:00:00,-0.2904570471735873,-0.5048864491419512,-0.891433978019362,0.5669280000000001
2016-05-24 10:00:00,-0.2904570471735873,-0.6850243299061757,-0.891433978019362,0.5494020000000001
2016-05-24 11:00:00,-0.6940253103248473,-0.5048864491419512,-0.777411511475759,0.531876
2016-05-24 12:00:00,-0.2904570471735873,-0.6850243299061757,-0.891433978019362,0.51435
2016-05-24 13:00:00,-0.6940253103248473,-0.32474856837772675,-0.891433978019362,0.496824
2016-05-24 14:00:00,-0.6940253103248473,-0.32474856837772675,-1.0054564445629648,0.480568
2016-05-24 15:00:00,-0.6940253103248473,-0.1446106876135023,-0.891433978019362,0.464312
2016-05-24 16:00:00,-0.2904570471735873,0.03552719315072216,-1.0054564445629648,0.448056
2016-05-24 17:00:00,-0.2904570471735873,-0.1446106876135023,-1.0054564445629648,0.4318
2016-05-24 18:00:00,-0.2904570471735873,-0.5048864491419512,-1.0054564445629648,0.415544
2016-05-24 19:00:00,-0.2904570471735873,-0.32474856837772675,-1.0054564445629648,0.39928800000000003
2016-05-24 20:00:00,-0.2904570471735873,-0.6850243299061757,-1.1194789111065677,0.40081200000000006
2016-05-24 21:00:00,-0.2904570471735873,-0.32474856837772675,-1.0054564445629648,0.402336
2016-05-24 22:00:00,-0.2904570471735873,-0.32474856837772675,-1.0054564445629648,0.40386
2016-05-24 23:00:00,-0.2904570471735873,-0.32474856837772675,-1.0054564445629648,0.405384
2016-05-25 00:00:00,-0.2904570471735873,-0.6850243299061757,-0.891433978019362,0.40690800000000005
2016-05-25 01:00:00,-0.2904570471735873,-0.32474856837772675,-0.777411511475759,0.408432
2016-05-25 02:00:00,-0.2904570471735873,-0.1446106876135023,-0.5493665783885533,0.44653200000000004
2016-05-25 03:00:00,0.1131112159776727,-0.32474856837772675,-0.43534411184495037,0.484632
2016-05-25 04:00:00,0.1131112159776727,0.21566507391494663,-0.09327671221414195,0.522732
2016-05-25 05:00:00,0.1131112159776727,0.03552719315072216,0.248790687416667,0.560832
2016-05-25 06:00:00,-0.2904570471735873,0.5759408354433956,0.134768220873064,0.598932
2016-05-25 07:00:00,0.1131112159776727,0.75607871620762,0.248790687416667,0.637032
2016-05-25 08:00:00,0.1131112159776727,0.75607871620762,0.47683562050387246,0.687832
2016-05-25 09:00:00,0.1131112159776727,0.75607871620762,0.02074575432946103,0.7386320000000001
2016-05-25 10:00:00,0.5166794791289328,0.75607871620762,0.02074575432946103,0.789432
2016-05-25 11:00:00,0.1131112159776727,0.5759408354433956,0.02074575432946103,0.840232
2016-05-25 12:00:00,0.5166794791289328,0.75607871620762,-0.32132164530134766,0.891032
2016-05-25 13:00:00,0.36422035749401227,0.75607871620762,-0.20729917875774467,0.941832
2016-05-25 14:00:00,0.21176123585909182,0.5759408354433956,-0.09327671221414195,1.15824
2016-05-25 15:00:00,0.059302114224171365,0.5759408354433956,-0.09327671221414195,1.170432
2016-05-25 16:00:00,0.46287037737543135,0.5759408354433956,0.02074575432946103,1.182624
2016-05-25 17:00:00,0.46287037737543135,0.3958029546791711,0.134768220873064,1.1948159999999999
2016-05-25 18:00:00,0.46287037737543135,0.21566507391494663,0.02074575432946103,1.207008
2016-05-25 19:00:00,0.46287037737543135,0.03552719315072216,0.134768220873064,1.2192
2016-05-25 20:00:00,0.46287037737543135,-0.32474856837772675,0.248790687416667,1.231392
2016-05-25 21:00:00,0.46287037737543135,-0.1446106876135023,0.02074575432946103,1.22174
2016-05-25 22:00:00,0.46287037737543135,-0.6850243299061757,0.02074575432946103,1.212088
2016-05-25 23:00:00,0.46287037737543135,-0.6850243299061757,-0.20729917875774467,1.202436
2016-05-26 00:00:00,0.46287037737543135,-0.6850243299061757,-0.2833141564534799,1.192784
2016-05-26 01:00:00,0.46287037737543135,-0.8651622106704001,-0.35932913414921513,1.183132
2016-05-26 02:00:00,0.46287037737543135,-0.8651622106704001,-0.43534411184495037,1.17348
2016-05-26 03:00:00,0.8664386405266914,-1.0453000914346247,-0.32132164530134766,1.1577320000000002
2016-05-26 04:00:00,1.2700069036779513,-0.8651622106704001,-0.43534411184495037,1.141984
2016-05-26 05:00:00,1.6735751668292114,-0.8651622106704001,-0.43534411184495037,1.126236
2016-05-26 06:00:00,0.46287037737543135,-0.4448404888872096,-0.5493665783885533,1.1104880000000001
2016-05-26 07:00:00,0.46287037737543135,-0.024518767104019113,-0.5493665783885533,1.0947400000000003
2016-05-26 08:00:00,0.46287037737543135,0.3958029546791711,-0.43534411184495037,1.0789920000000002
2016-05-26 09:00:00,0.8664386405266914,0.21566507391494663,-0.5493665783885533,1.0576560000000002
2016-05-26 10:00:00,1.2700069036779513,0.03552719315072216,-0.5493665783885533,1.0363200000000001
2016-05-26 11:00:00,1.2700069036779513,0.03552719315072216,-0.6633890449321563,1.014984
2016-05-26 12:00:00,1.6735751668292114,0.03552719315072216,-0.43534411184495037,0.9936480000000001
2016-05-26 13:00:00,1.6735751668292114,-0.1446106876135023,-0.43534411184495037,0.9723120000000001
2016-05-26 14:00:00,1.6735751668292114,-0.1446106876135023,-0.6633890449321563,0.950976
2016-05-26 15:00:00,1.3238160054314527,-0.1446106876135023,-0.6633890449321563,0.9265920000000001
2016-05-26 16:00:00,0.9202477422801927,-0.32474856837772675,-0.777411511475759,0.902208
2016-05-26 17:00:00,0.5166794791289328,-0.32474856837772675,-0.777411511475759,0.8778239999999999
2016-05-26 18:00:00,0.5166794791289328,-0.5048864491419512,-1.0054564445629648,0.85344
2016-05-26 19:00:00,0.1131112159776727,-0.6850243299061757,-0.891433978019362,0.829056
2016-05-26 20:00:00,0.5166794791289328,-1.0453000914346247,-1.1194789111065677,0.8046719999999999
2016-05-26 21:00:00,0.1131112159776727,-1.0453000914346247,-1.0054564445629648,0.782574
2016-05-26 22:00:00,0.5166794791289328,-1.225437972198849,-1.0054564445629648,0.7604759999999999
2016-05-26 23:00:00,0.1131112159776727,-0.8651622106704001,-1.0054564445629648,0.738378
2016-05-27 00:00:00,0.1131112159776727,-0.8651622106704001,-0.891433978019362,0.71628
2016-05-27 01:00:00,0.1131112159776727,-1.0453000914346247,-0.891433978019362,0.694182
2016-05-27 02:00:00,0.5166794791289328,-1.225437972198849,-0.777411511475759,0.672084
2016-05-27 03:00:00,0.9202477422801927,-1.225437972198849,-0.891433978019362,0.65913
2016-05-27 04:00:00,1.3238160054314527,-1.585713733727298,-1.0054564445629648,0.646176
2016-05-27 05:00:00,1.6735751668292114,-1.585713733727298,-1.1194789111065677,0.633222
2016-05-27 06:00:00,1.6735751668292114,-1.4055758529630735,-1.1194789111065677,0.620268
2016-05-27 07:00:00,1.6735751668292114,-1.225437972198849,-1.1194789111065677,0.607314
2016-05-27 08:00:00,1.6735751668292114,-0.8651622106704001,-1.0054564445629648,0.59436
2016-05-27 09:00:00,1.2700069036779513,-0.6850243299061757,-1.0054564445629648,0.5842
2016-05-27 10:00:00,1.6735751668292114,-0.8651622106704001,-0.777411511475759,0.57404
2016-05-27 11:00:00,1.6735751668292114,-0.8651622106704001,-0.6633890449321563,0.5638799999999999
2016-05-27 12:00:00,1.6735751668292114,-0.1446106876135023,-0.6633890449321563,0.55372
2016-05-27 13:00:00,1.6735751668292114,0.03552719315072216,-0.5493665783885533,0.54356
2016-05-27 14:00:00,1.6735751668292114,-0.1446106876135023,-0.5493665783885533,0.5334
2016-05-27 15:00:00,1.2700069036779513,0.9362165969718445,-0.5493665783885533,0.53594
2016-05-27 16:00:00,1.2700069036779513,0.75607871620762,-0.43534411184495037,0.53848
2016-05-27 17:00:00,1.2700069036779513,0.9362165969718445,-0.5493665783885533,0.5410200000000001
2016-05-27 18:00:00,1.2700069036779513,1.2964923585002934,-0.5493665783885533,0.54356
2016-05-27 19:00:00,1.2700069036779513,0.03552719315072216,-0.5493665783885533,0.5461
2016-05-27 20:00:00,1.2700069036779513,-0.1446106876135023,-0.32132164530134766,0.54864
2016-05-27 21:00:00,1.2700069036779513,-0.1446106876135023,-0.20729917875774467,0.579628
2016-05-27 22:00:00,1.2700069036779513,0.21566507391494663,-0.32132164530134766,0.610616
2016-05-27 23:00:00,0.8664386405266914,-0.1446106876135023,-0.32132164530134766,0.6416040000000001
2016-05-28 00:00:00,1.2700069036779513,0.03552719315072216,0.02074575432946103,0.6725920000000001
2016-05-28 01:00:00,1.2700069036779513,0.03552719315072216,0.02074575432946103,0.7035800000000001
2016-05-28 02:00:00,1.2700069036779513,0.21566507391494663,0.02074575432946103,0.7345680000000001
2016-05-28 03:00:00,1.2700069036779513,0.21566507391494663,0.248790687416667,0.7856220000000002
2016-05-28 04:00:00,1.2700069036779513,0.5759408354433956,0.3628131539602695,0.8366760000000001
2016-05-28 05:00:00,1.6735751668292114,0.5759408354433956,0.248790687416667,0.8877300000000001
2016-05-28 06:00:00,1.6735751668292114,0.3958029546791711,0.248790687416667,0.9387840000000002
2016-05-28 07:00:00,1.6735751668292114,0.3958029546791711,0.02074575432946103,0.9898380000000002
2016-05-28 08:00:00,1.3238160054314527,0.3958029546791711,0.134768220873064,1.0408920000000002
2016-05-28 09:00:00,0.9202477422801927,0.21566507391494663,0.02074575432946103,1.0243820000000001
2016-05-28 10:00:00,0.9202477422801927,-0.1446106876135023,0.02074575432946103,1.007872
2016-05-28 11:00:00,0.5166794791289328,-0.1446106876135023,-0.09327671221414195,0.9913620000000001
2016-05-28 12:00:00,0.9202477422801927,0.21566507391494663,-0.09327671221414195,0.974852
2016-05-28 13:00:00,0.5166794791289328,0.3958029546791711,-0.09327671221414195,0.958342
2016-05-28 14:00:00,0.5166794791289328,0.03552719315072216,-0.20729917875774467,0.941832
2016-05-28 15:00:00,0.9202477422801927,0.21566507391494663,0.02074575432946103,0.941324
2016-05-28 16:00:00,0.9202477422801927,0.21566507391494663,-0.09327671221414195,0.940816
2016-05-28 17:00:00,0.9202477422801927,0.03552719315072216,0.3628131539602695,0.940308
2016-05-28 18:00:00,1.2700069036779513,-0.5048864491419512,0.248790687416667,0.9398000000000001
2016-05-28 19:00:00,1.2700069036779513,-0.32474856837772675,0.248790687416667,0.939292
2016-05-28 20:00:00,1.2700069036779513,-0.5048864491419512,-0.09327671221414195,0.9387840000000001
2016-05-28 21:00:00,0.8664386405266914,-0.5048864491419512,-0.20729917875774467,0.937006
2016-05-28 22:00:00,0.8664386405266914,-0.5048864491419512,0.134768220873064,0.9352280000000001
2016-05-28 23:00:00,0.8664386405266914,-0.1446106876135023,-0.20729917875774467,0.9334500000000001
2016-05-29 00:00:00,0.8664386405266914,-0.32474856837772675,-0.32132164530134766,0.9316720000000001
2016-05-29 01:00:00,0.8664386405266914,-0.6850243299061757,-0.20729917875774467,0.929894
2016-05-29 02:00:00,0.8664386405266914,-0.6850243299061757,-0.09327671221414195,0.928116
2016-05-29 03:00:00,0.8664386405266914,-0.1446106876135023,0.02074575432946103,0.9436100000000001
2016-05-29 04:00:00,1.2700069036779513,0.21566507391494663,0.02074575432946103,0.9591040000000001
2016-05-29 05:00:00,1.2700069036779513,0.3958029546791711,0.134768220873064,0.9745980000000001
2016-05-29 06:00:00,0.8664386405266914,0.03552719315072216,0.02074575432946103,0.990092
2016-05-29 07:00:00,0.8664386405266914,0.03552719315072216,0.02074575432946103,1.005586
2016-05-29 08:00:00,1.2700069036779513,0.3958029546791711,0.134768220873064,1.02108
2016-05-29 09:00:00,1.2700069036779513,0.5759408354433956,0.134768220873064,1.025906
2016-05-29 10:00:00,1.6735751668292114,0.3958029546791711,0.134768220873064,1.030732
2016-05-29 11:00:00,1.6735751668292114,0.75607871620762,0.248790687416667,1.035558
2016-05-29 12:00:00,1.2700069036779513,0.75607871620762,0.47683562050387246,1.0403840000000002
2016-05-29 13:00:00,1.2700069036779513,0.75607871620762,0.47683562050387246,1.0452100000000002
2016-05-29 14:00:00,0.8664386405266914,1.4766302392645179,0.5908580870474754,1.0500360000000002
2016-05-29 15:00:00,0.8664386405266914,1.116354477736069,0.5908580870474754,1.0477500000000002
2016-05-29 16:00:00,1.2700069036779513,1.2964923585002934,0.7048805535910784,1.0454640000000002
2016-05-29 17:00:00,1.2700069036779513,1.116354477736069,0.9329254866782838,1.0431780000000002
2016-05-29 18:00:00,1.2700069036779513,1.2964923585002934,1.1609704197654898,1.0408920000000002
2016-05-29 19:00:00,1.2700069036779513,1.6567681200287423,1.2749928863090927,1.0386060000000001
2016-05-29 20:00:00,1.2700069036779513,1.8369060007929667,1.0469479532218868,1.0363200000000001
2016-05-29 21:00:00,1.2700069036779513,1.2964923585002934,1.1609704197654898,1.035304
2016-05-29 22:00:00,1.2700069036779513,1.2964923585002934,0.8189030201346814,1.034288
2016-05-29 23:00:00,0.46287037737543135,1.2964923585002934,0.9329254866782838,1.0332720000000002
2016-05-30 00:00:00,0.46287037737543135,0.9362165969718445,0.8189030201346814,1.032256
2016-05-30 01:00:00,0.8664386405266914,0.75607871620762,0.5908580870474754,1.03124
2016-05-30 02:00:00,0.8664386405266914,0.21566507391494663,0.5908580870474754,1.030224
2016-05-30 03:00:00,0.8664386405266914,0.21566507391494663,0.7048805535910784,1.03124
2016-05-30 04:00:00,1.2700069036779513,0.3958029546791711,0.9329254866782838,1.032256
2016-05-30 05:00:00,0.46287037737543135,1.2964923585002934,0.7048805535910784,1.0332720000000002
2016-05-30 06:00:00,1.2700069036779513,1.116354477736069,0.7048805535910784,1.034288
2016-05-30 07:00:00,1.2700069036779513,1.2964923585002934,0.7048805535910784,1.035304
2016-05-30 08:00:00,1.6735751668292114,1.2964923585002934,0.47683562050387246,1.0363200000000001
2016-05-30 09:00:00,1.6735751668292114,1.2964923585002934,0.5908580870474754,1.0378440000000002
2016-05-30 10:00:00,1.6735751668292114,0.5759408354433956,0.3628131539602695,1.039368
2016-05-30 11:00:00,1.2700069036779513,0.3958029546791711,0.248790687416667,1.0408920000000002
2016-05-30 12:00:00,1.2700069036779513,0.3958029546791711,0.3628131539602695,1.0424160000000002
2016-05-30 13:00:00,1.2700069036779513,0.21566507391494663,0.248790687416667,1.04394
2016-05-30 14:00:00,0.8664386405266914,-0.32474856837772675,0.47683562050387246,1.0454640000000002
2016-05-30 15:00:00,0.059302114224171365,-0.1446106876135023,0.134768220873064,1.0693400000000002
2016-05-30 16:00:00,-0.3442661489270886,-0.1446106876135023,0.248790687416667,1.0932160000000002
2016-05-30 17:00:00,-0.3442661489270886,0.03552719315072216,0.248790687416667,1.1170920000000002
2016-05-30 18:00:00,-0.7478344120783487,-0.32474856837772675,0.3628131539602695,1.1409680000000002
2016-05-30 19:00:00,-0.7478344120783487,-0.32474856837772675,0.3628131539602695,1.1648440000000002
2016-05-30 20:00:00,-0.3442661489270886,-0.32474856837772675,0.134768220873064,1.1887200000000002
2016-05-30 21:00:00,-0.3442661489270886,-0.5048864491419512,0.02074575432946103,1.2400280000000001
2016-05-30 22:00:00,-0.3442661489270886,-0.5048864491419512,0.02074575432946103,1.2913360000000003
2016-05-30 23:00:00,-0.3442661489270886,-0.32474856837772675,-0.32132164530134766,1.3426440000000002
2016-05-31 00:00:00,-0.3442661489270886,-0.8651622106704001,-0.09327671221414195,1.393952
2016-05-31 01:00:00,0.059302114224171365,-0.5048864491419512,-0.20729917875774467,1.4452600000000002
2016-05-31 02:00:00,0.059302114224171365,-0.5048864491419512,-0.20729917875774467,1.4965680000000001
2016-05-31 03:00:00,0.059302114224171365,-0.5048864491419512,-0.43534411184495037,1.5539720000000001
2016-05-31 04:00:00,0.059302114224171365,-0.32474856837772675,-0.32132164530134766,1.6113760000000001
2016-05-31 05:00:00,0.46287037737543135,-0.8651622106704001,0.02074575432946103,1.6687800000000002
2016-05-31 06:00:00,0.059302114224171365,-1.0453000914346247,-0.09327671221414195,1.7261840000000002
2016-05-31 07:00:00,-0.3442661489270886,0.03552719315072216,-0.09327671221414195,1.7835880000000002
2016-05-31 08:00:00,0.059302114224171365,-1.225437972198849,0.134768220873064,1.8409920000000002
2016-05-31 09:00:00,0.059302114224171365,-1.4055758529630735,0.02074575432946103,1.8719800000000002
2016-05-31 10:00:00,0.059302114224171365,-1.585713733727298,0.134768220873064,1.9029680000000002
2016-05-31 11:00:00,0.059302114224171365,-0.8651622106704001,-0.09327671221414195,1.9339560000000002
2016-05-31 12:00:00,0.059302114224171365,-1.0453000914346247,0.3628131539602695,1.964944
2016-05-31 13:00:00,0.059302114224171365,-0.6850243299061757,0.3628131539602695,1.995932
2016-05-31 14:00:00,0.059302114224171365,-0.32474856837772675,0.248790687416667,2.02692
2016-05-31 15:00:00,0.059302114224171365,-0.32474856837772675,0.5908580870474754,2.016506
2016-05-31 16:00:00,0.059302114224171365,-0.32474856837772675,0.9329254866782838,2.006092
2016-05-31 17:00:00,0.059302114224171365,0.21566507391494663,1.2749928863090927,1.9956780000000003
2016-05-31 18:00:00,0.059302114224171365,0.75607871620762,1.7310827524835042,1.9852640000000001
2016-05-31 19:00:00,0.059302114224171365,0.9362165969718445,2.1871726186579155,1.9748500000000002
2016-05-31 20:00:00,0.059302114224171365,1.116354477736069,1.95912768557071,1.9644360000000003
2016-05-31 21:00:00,0.059302114224171365,1.8369060007929667,2.415217551745121,1.9217640000000002
2016-05-31 22:00:00,0.059302114224171365,2.197181762321416,1.95912768557071,1.8790920000000002
2016-05-31 23:00:00,0.059302114224171365,1.6567681200287423,1.95912768557071,1.8364200000000004
2016-06-01 00:00:00,0.059302114224171365,2.0170438815571914,1.95912768557071,1.7937480000000003
2016-06-01 01:00:00,0.059302114224171365,1.4766302392645179,1.8451052190271071,1.7510760000000003
2016-06-01 02:00:00,0.059302114224171365,1.4766302392645179,1.7310827524835042,1.7084040000000003
2016-06-01 03:00:00,0.059302114224171365,1.4766302392645179,1.8451052190271071,1.6751300000000002
2016-06-01 04:00:00,0.059302114224171365,1.2964923585002934,1.3890153528526958,1.6418560000000002
2016-06-01 05:00:00,0.059302114224171365,1.6567681200287423,1.503037819396298,1.6085820000000002
2016-06-01 06:00:00,0.059302114224171365,1.4766302392645179,1.503037819396298,1.5753080000000002
2016-06-01 07:00:00,0.059302114224171365,1.4766302392645179,1.3890153528526958,1.5420340000000001
2016-06-01 08:00:00,0.059302114224171365,1.116354477736069,1.7310827524835042,1.50876
2016-06-01 09:00:00,0.059302114224171365,1.2964923585002934,1.6170602859399013,1.4605000000000001
2016-06-01 10:00:00,0.059302114224171365,1.2964923585002934,1.6170602859399013,1.4122400000000002
2016-06-01 11:00:00,0.059302114224171365,0.9362165969718445,1.3890153528526958,1.3639800000000002
2016-06-01 12:00:00,0.059302114224171365,1.2964923585002934,1.2749928863090927,1.31572
2016-06-01 13:00:00,0.059302114224171365,1.4766302392645179,1.3890153528526958,1.26746
2016-06-01 14:00:00,0.059302114224171365,1.4766302392645179,1.503037819396298,1.2192
2016-06-01 15:00:00,-1.1514026752296087,1.4766302392645179,1.3890153528526958,1.061466
2016-06-01 16:00:00,-0.3442661489270886,1.4766302392645179,1.3890153528526958,0.903732
2016-06-01 17:00:00,-1.5011618366273674,1.8369060007929667,1.3890153528526958,0.745998
2016-06-01 18:00:00,0.46287037737543135,1.6567681200287423,1.3890153528526958,0.588264
2016-06-01 19:00:00,-0.7478344120783487,1.6567681200287423,1.2749928863090927,0.43052999999999997
2016-06-01 20:00:00,-1.5011618366273674,1.4766302392645179,1.3890153528526958,0.27279600000000004
2016-06-01 21:00:00,-0.7478344120783487,1.6567681200287423,1.3890153528526958,0.26390600000000003
2016-06-01 22:00:00,-0.7478344120783487,1.6567681200287423,1.503037819396298,0.255016
2016-06-01 23:00:00,-0.7478344120783487,1.2964923585002934,1.3890153528526958,0.246126
2016-06-02 00:00:00,-0.7478344120783487,1.116354477736069,1.2749928863090927,0.23723600000000003
2016-06-02 01:00:00,-0.7478344120783487,1.2964923585002934,1.503037819396298,0.22834600000000002
2016-06-02 02:00:00,-0.7478344120783487,1.2964923585002934,-1.4615463107373765,0.219456
2016-06-02 03:00:00,-0.3442661489270886,1.2964923585002934,-1.4615463107373765,0.213868
2016-06-02 04:00:00,-0.3442661489270886,0.9362165969718445,-1.4615463107373765,0.20828000000000002
2016-06-02 05:00:00,-0.3442661489270886,1.116354477736069,-1.4615463107373765,0.20269200000000004
2016-06-02 06:00:00,-0.3442661489270886,1.2964923585002934,-1.4615463107373765,0.19710400000000003
2016-06-02 07:00:00,-0.3442661489270886,1.4766302392645179,-1.4615463107373765,0.19151600000000002
2016-06-02 08:00:00,-0.7478344120783487,-1.9459894952557468,-1.4615463107373765,0.18592800000000004
2016-06-02 09:00:00,-0.3442661489270886,-1.7658516144915224,-1.4615463107373765,0.18948400000000004
2016-06-02 10:00:00,-0.7478344120783487,-1.9459894952557468,-1.4615463107373765,0.19304000000000002
2016-06-02 11:00:00,-1.1514026752296087,-1.7658516144915224,-1.4615463107373765,0.19659600000000002
2016-06-02 12:00:00,-1.1514026752296087,-1.9459894952557468,-1.4615463107373765,0.20015200000000002
2016-06-02 13:00:00,-1.1514026752296087,-1.7658516144915224,-1.5755687772809794,0.203708
2016-06-02 14:00:00,-1.1514026752296087,-1.7658516144915224,-1.4615463107373765,0.207264
2016-06-02 15:00:00,1.6735751668292114,-1.585713733727298,-1.4615463107373765,0.346202
2016-06-02 16:00:00,1.6735751668292114,-1.225437972198849,-1.5755687772809794,0.48514000000000007
2016-06-02 17:00:00,1.6735751668292114,-1.0453000914346247,-1.4615463107373765,0.6240780000000001
2016-06-02 18:00:00,1.2700069036779513,-0.8651622106704001,-1.4615463107373765,0.7630160000000001
2016-06-02 19:00:00,1.2700069036779513,-0.8651622106704001,-1.3475238441937734,0.9019540000000001
2016-06-02 20:00:00,0.8664386405266914,-1.0453000914346247,-1.3475238441937734,1.0408920000000002
2016-06-02 21:00:00,1.2700069036779513,-1.0453000914346247,-1.3475238441937734,1.012698
2016-06-02 22:00:00,0.8664386405266914,-1.0453000914346247,-1.3475238441937734,0.9845040000000002
2016-06-02 23:00:00,0.8664386405266914,-0.5048864491419512,-1.4615463107373765,0.9563100000000001
2016-06-03 00:00:00,0.8664386405266914,-0.6850243299061757,-1.3475238441937734,0.928116
2016-06-03 01:00:00,0.8664386405266914,-0.6850243299061757,-1.4615463107373765,0.8999220000000001
2016-06-03 02:00:00,0.8664386405266914,-0.8651622106704001,0.134768220873064,0.8717280000000001
2016-06-03 03:00:00,0.8664386405266914,-0.6850243299061757,0.3628131539602695,0.8702040000000001
2016-06-03 04:00:00,0.8664386405266914,-0.6850243299061757,0.5908580870474754,0.86868
2016-06-03 05:00:00,1.2700069036779513,-1.0453000914346247,0.7048805535910784,0.867156
2016-06-03 06:00:00,0.8664386405266914,-0.8651622106704001,0.9329254866782838,0.8656320000000001
2016-06-03 07:00:00,0.8664386405266914,-0.8651622106704001,1.0469479532218868,0.864108
2016-06-03 08:00:00,0.8664386405266914,0.5759408354433956,1.6170602859399013,0.862584
2016-06-03 09:00:00,0.8664386405266914,1.2964923585002934,1.503037819396298,0.8691880000000001
2016-06-03 10:00:00,0.8664386405266914,1.116354477736069,2.1871726186579155,0.875792
2016-06-03 11:00:00,0.8664386405266914,1.6567681200287423,2.0731501521143127,0.882396
2016-06-03 12:00:00,1.2700069036779513,1.2964923585002934,2.1871726186579155,0.889
2016-06-03 13:00:00,1.2700069036779513,1.8369060007929667,1.6170602859399013,0.8956040000000001
2016-06-03 14:00:00,1.2700069036779513,1.2964923585002934,2.1871726186579155,0.902208
2016-06-03 15:00:00,1.2700069036779513,1.2964923585002934,2.0731501521143127,0.925068
2016-06-03 16:00:00,1.6735751668292114,1.4766302392645179,1.95912768557071,0.947928
2016-06-03 17:00:00,1.3238160054314527,1.2964923585002934,1.6170602859399013,0.970788
2016-06-03 18:00:00,1.3238160054314527,0.75607871620762,1.8451052190271071,0.9936480000000001
2016-06-03 19:00:00,1.6735751668292114,1.116354477736069,1.7310827524835042,1.016508
2016-06-03 20:00:00,1.2700069036779513,0.21566507391494663,1.2749928863090927,1.039368
2016-06-03 21:00:00,1.6735751668292114,0.21566507391494663,1.1609704197654898,1.044702
2016-06-03 22:00:00,1.3238160054314527,0.03552719315072216,1.503037819396298,1.050036
2016-06-03 23:00:00,1.6735751668292114,0.75607871620762,1.2749928863090927,1.05537
2016-06-04 00:00:00,1.6735751668292114,0.21566507391494663,1.503037819396298,1.060704
2016-06-04 01:00:00,1.6735751668292114,0.21566507391494663,1.2749928863090927,1.066038
2016-06-04 02:00:00,1.3238160054314527,0.3958029546791711,1.503037819396298,1.071372
2016-06-04 03:00:00,1.6735751668292114,0.3958029546791711,0.9329254866782838,1.067054
2016-06-04 04:00:00,1.6735751668292114,0.21566507391494663,1.2749928863090927,1.062736
2016-06-04 05:00:00,1.6735751668292114,0.03552719315072216,0.8189030201346814,1.058418
2016-06-04 06:00:00,1.6735751668292114,0.21566507391494663,0.7048805535910784,1.0541
2016-06-04 07:00:00,1.2700069036779513,-0.1446106876135023,0.7048805535910784,1.049782
2016-06-04 08:00:00,1.6735751668292114,-0.5048864491419512,0.5908580870474754,1.045464
2016-06-04 09:00:00,1.2700069036779513,-0.5048864491419512,0.7048805535910784,1.04394
2016-06-04 10:00:00,1.2700069036779513,-0.32474856837772675,0.7048805535910784,1.042416
2016-06-04 11:00:00,1.2700069036779513,0.03552719315072216,0.5908580870474754,1.040892
2016-06-04 12:00:00,1.2700069036779513,0.3958029546791711,0.5908580870474754,1.039368
2016-06-04 13:00:00,1.6735751668292114,-0.5048864491419512,0.7048805535910784,1.0378440000000002
2016-06-04 14:00:00,1.2700069036779513,1.116354477736069,0.7048805535910784,1.0363200000000001
2016-06-04 15:00:00,1.6735751668292114,0.3958029546791711,0.5908580870474754,1.006348
2016-06-04 16:00:00,1.6735751668292114,0.75607871620762,0.7048805535910784,0.976376
2016-06-04 17:00:00,1.6735751668292114,0.75607871620762,0.7048805535910784,0.946404
2016-06-04 18:00:00,1.3238160054314527,0.5759408354433956,0.8189030201346814,0.916432
2016-06-04 19:00:00,0.9202477422801927,0.9362165969718445,0.7048805535910784,0.8864599999999999
2016-06-04 20:00:00,0.9202477422801927,0.9362165969718445,0.7048805535910784,0.8564879999999999
2016-06-04 21:00:00,0.9202477422801927,1.116354477736069,0.47683562050387246,0.839216
2016-06-04 22:00:00,1.3238160054314527,0.9362165969718445,0.47683562050387246,0.8219439999999999
2016-06-04 23:00:00,1.3238160054314527,0.3958029546791711,0.5908580870474754,0.8046719999999999
2016-06-05 00:00:00,0.5166794791289328,-0.6850243299061757,0.7048805535910784,0.7874
2016-06-05 01:00:00,0.9202477422801927,0.75607871620762,0.47683562050387246,0.7701279999999999
2016-06-05 02:00:00,0.9202477422801927,0.5759408354433956,0.5908580870474754,0.752856
2016-06-05 03:00:00,0.9202477422801927,0.5759408354433956,0.5908580870474754,0.74422
2016-06-05 04:00:00,0.9202477422801927,0.5759408354433956,0.3628131539602695,0.735584
2016-06-05 05:00:00,0.5166794791289328,0.5759408354433956,0.3628131539602695,0.7269479999999999
2016-06-05 06:00:00,0.5166794791289328,0.3958029546791711,0.3628131539602695,0.718312
2016-06-05 07:00:00,0.9202477422801927,0.21566507391494663,0.248790687416667,0.709676
2016-06-05 08:00:00,0.9202477422801927,0.03552719315072216,0.248790687416667,0.70104
2016-06-05 09:00:00,0.9202477422801927,-0.1446106876135023,0.3628131539602695,0.692912
2016-06-05 10:00:00,0.9202477422801927,-0.1446106876135023,0.7048805535910784,0.6847840000000001
2016-06-05 11:00:00,0.9202477422801927,-0.32474856837772675,0.8189030201346814,0.676656
2016-06-05 12:00:00,0.9202477422801927,-0.32474856837772675,0.47683562050387246,0.668528
2016-06-05 13:00:00,0.9202477422801927,-0.32474856837772675,0.5908580870474754,0.6604000000000001
2016-06-05 14:00:00,1.3238160054314527,0.03552719315072216,0.3628131539602695,0.6522720000000001
2016-06-05 15:00:00,1.3238160054314527,0.21566507391494663,0.5908580870474754,0.65278
2016-06-05 16:00:00,1.3238160054314527,0.03552719315072216,0.47683562050387246,0.6532880000000001
2016-06-05 17:00:00,0.9202477422801927,0.21566507391494663,0.134768220873064,0.653796
2016-06-05 18:00:00,1.3238160054314527,0.3958029546791711,0.02074575432946103,0.654304
2016-06-05 19:00:00,1.6735751668292114,0.5759408354433956,0.3628131539602695,0.6548120000000001
2016-06-05 20:00:00,1.6735751668292114,0.21566507391494663,0.47683562050387246,0.65532
2016-06-05 21:00:00,1.6735751668292114,0.21566507391494663,0.47683562050387246,0.659892
2016-06-05 22:00:00,1.6735751668292114,0.5759408354433956,0.7048805535910784,0.664464
2016-06-05 23:00:00,1.2700069036779513,0.3958029546791711,0.7048805535910784,0.6690360000000001
2016-06-06 00:00:00,1.6735751668292114,1.6567681200287423,0.7048805535910784,0.6736080000000001
2016-06-06 01:00:00,1.6735751668292114,0.9362165969718445,0.7048805535910784,0.6781800000000001
2016-06-06 02:00:00,1.6735751668292114,1.116354477736069,0.5908580870474754,0.6827520000000001
2016-06-06 03:00:00,1.6735751668292114,0.75607871620762,0.5908580870474754,0.6868160000000001
2016-06-06 04:00:00,1.6735751668292114,0.9362165969718445,0.7048805535910784,0.69088
2016-06-06 05:00:00,1.6735751668292114,1.2964923585002934,0.8189030201346814,0.694944
2016-06-06 06:00:00,1.3238160054314527,2.197181762321416,0.8189030201346814,0.6990080000000001
2016-06-06 07:00:00,1.3238160054314527,1.116354477736069,0.7048805535910784,0.703072
2016-06-06 08:00:00,1.3238160054314527,1.116354477736069,0.7048805535910784,0.707136
2016-06-06 09:00:00,1.6735751668292114,0.21566507391494663,0.7048805535910784,0.72898
2016-06-06 10:00:00,1.6735751668292114,0.5759408354433956,0.9329254866782838,0.750824
2016-06-06 11:00:00,1.6735751668292114,0.75607871620762,0.9329254866782838,0.772668
2016-06-06 12:00:00,1.6735751668292114,0.3958029546791711,0.8189030201346814,0.794512
2016-06-06 13:00:00,1.2700069036779513,0.21566507391494663,0.8189030201346814,0.8163560000000001
2016-06-06 14:00:00,1.2700069036779513,0.3958029546791711,0.5908580870474754,0.8382000000000001
2016-06-06 15:00:00,1.6735751668292114,0.3958029546791711,0.8189030201346814,0.877062
2016-06-06 16:00:00,1.2700069036779513,0.75607871620762,0.7048805535910784,0.9159240000000001
2016-06-06 17:00:00,0.46287037737543135,0.5759408354433956,0.7048805535910784,0.954786
2016-06-06 18:00:00,1.2700069036779513,0.5759408354433956,0.47683562050387246,0.993648
2016-06-06 19:00:00,0.8664386405266914,0.5759408354433956,0.7048805535910784,1.03251
2016-06-06 20:00:00,0.8664386405266914,0.3958029546791711,0.47683562050387246,1.071372
2016-06-06 21:00:00,0.8664386405266914,0.5759408354433956,0.5908580870474754,1.0772140000000001
2016-06-06 22:00:00,0.8664386405266914,0.21566507391494663,0.5908580870474754,1.083056
2016-06-06 23:00:00,0.8664386405266914,-0.32474856837772675,0.8189030201346814,1.088898
2016-06-07 00:00:00,0.46287037737543135,0.21566507391494663,0.7048805535910784,1.09474
2016-06-07 01:00:00,0.46287037737543135,-0.1446106876135023,0.7048805535910784,1.1005820000000002
2016-06-07 02:00:00,0.8664386405266914,-0.1446106876135023,0.5908580870474754,1.106424
2016-06-07 03:00:00,0.46287037737543135,0.3958029546791711,0.7048805535910784,1.11252
2016-06-07 04:00:00,0.46287037737543135,0.21566507391494663,0.5908580870474754,1.118616
2016-06-07 05:00:00,0.46287037737543135,0.3958029546791711,0.5908580870474754,1.1247120000000002
2016-06-07 06:00:00,0.8664386405266914,-0.5048864491419512,0.5908580870474754,1.130808
2016-06-07 07:00:00,0.8664386405266914,0.3958029546791711,0.5908580870474754,1.136904
2016-06-07 08:00:00,0.8664386405266914,-0.1446106876135023,0.7048805535910784,1.143
2016-06-07 09:00:00,0.8664386405266914,0.03552719315072216,0.9329254866782838,1.141222
2016-06-07 10:00:00,0.8664386405266914,-0.32474856837772675,0.7048805535910784,1.1394440000000001
2016-06-07 11:00:00,0.8664386405266914,-0.1446106876135023,0.8189030201346814,1.137666
2016-06-07 12:00:00,0.8664386405266914,0.3958029546791711,0.7048805535910784,1.135888
2016-06-07 13:00:00,0.8664386405266914,0.3958029546791711,0.8189030201346814,1.1341100000000002
2016-06-07 14:00:00,0.46287037737543135,-0.1446106876135023,0.9329254866782838,1.1323320000000001
2016-06-07 15:00:00,0.46287037737543135,0.75607871620762,0.8189030201346814,1.123442
2016-06-07 16:00:00,0.8664386405266914,0.9362165969718445,0.8189030201346814,1.1145520000000002
2016-06-07 17:00:00,0.8664386405266914,1.116354477736069,0.9329254866782838,1.1056620000000001
2016-06-07 18:00:00,1.2700069036779513,0.75607871620762,0.9329254866782838,1.096772
2016-06-07 19:00:00,1.2700069036779513,0.9362165969718445,1.1609704197654898,1.0878820000000002
2016-06-07 20:00:00,1.6735751668292114,0.75607871620762,1.0469479532218868,1.0789920000000002
2016-06-07 21:00:00,1.6735751668292114,0.9362165969718445,1.1609704197654898,1.0627360000000001
2016-06-07 22:00:00,1.6735751668292114,0.21566507391494663,0.7048805535910784,1.04648
2016-06-07 23:00:00,1.3238160054314527,0.75607871620762,0.7048805535910784,1.030224
2016-06-08 00:00:00,0.9202477422801927,0.21566507391494663,0.7048805535910784,1.0139680000000002
2016-06-08 01:00:00,0.9202477422801927,0.75607871620762,0.8189030201346814,0.9977120000000002
2016-06-08 02:00:00,0.5166794791289328,0.9362165969718445,0.8189030201346814,0.9814560000000001
2016-06-08 03:00:00,0.1131112159776727,0.5759408354433956,0.7048805535910784,0.9560560000000001
2016-06-08 04:00:00,0.5166794791289328,0.21566507391494663,0.47683562050387246,0.9306560000000001
2016-06-08 05:00:00,0.1131112159776727,0.21566507391494663,0.5908580870474754,0.9052560000000001
2016-06-08 06:00:00,-0.2904570471735873,0.03552719315072216,0.134768220873064,0.8798560000000001
2016-06-08 07:00:00,-0.2904570471735873,-0.32474856837772675,0.248790687416667,0.8544560000000001
2016-06-08 08:00:00,-0.2904570471735873,-0.6850243299061757,0.134768220873064,0.8290560000000001
2016-06-08 09:00:00,-0.2904570471735873,-1.225437972198849,0.3628131539602695,0.8079740000000001
2016-06-08 10:00:00,-0.2904570471735873,-1.0453000914346247,0.248790687416667,0.786892
2016-06-08 11:00:00,0.1131112159776727,-1.0453000914346247,-0.09327671221414195,0.7658100000000001
2016-06-08 12:00:00,-0.2904570471735873,-1.0453000914346247,-0.09327671221414195,0.7447280000000001
2016-06-08 13:00:00,-0.2904570471735873,-1.225437972198849,0.02074575432946103,0.723646
2016-06-08 14:00:00,-0.2904570471735873,-1.225437972198849,-0.09327671221414195,0.702564
2016-06-08 15:00:00,-0.6940253103248473,-1.4055758529630735,-0.20729917875774467,0.680974
2016-06-08 16:00:00,-0.6940253103248473,-1.585713733727298,-0.09327671221414195,0.659384
2016-06-08 17:00:00,-0.6940253103248473,-1.4055758529630735,-0.09327671221414195,0.637794
2016-06-08 18:00:00,-0.6940253103248473,-1.4055758529630735,-0.32132164530134766,0.616204
2016-06-08 19:00:00,-0.6940253103248473,-1.4055758529630735,-0.32132164530134766,0.594614
2016-06-08 20:00:00,-0.6940253103248473,-1.225437972198849,-0.20729917875774467,0.573024
2016-06-08 21:00:00,-0.6940253103248473,-0.8651622106704001,-0.43534411184495037,0.566928
2016-06-08 22:00:00,-0.6940253103248473,-0.6850243299061757,-0.20729917875774467,0.560832
2016-06-08 23:00:00,-0.6940253103248473,-0.5048864491419512,-0.32132164530134766,0.5547359999999999
2016-06-09 00:00:00,-0.6940253103248473,-0.1446106876135023,-0.32132164530134766,0.5486399999999999
2016-06-09 01:00:00,-0.6940253103248473,0.03552719315072216,-0.43534411184495037,0.5425439999999999
2016-06-09 02:00:00,-1.0975935734761073,0.21566507391494663,-0.43534411184495037,0.5364479999999999
2016-06-09 03:00:00,-1.0975935734761073,0.21566507391494663,-0.32132164530134766,0.7569199999999999
2016-06-09 04:00:00,-1.0975935734761073,0.3958029546791711,-0.20729917875774467,0.9773919999999999
2016-06-09 05:00:00,-1.0975935734761073,0.3958029546791711,-0.20729917875774467,1.197864
2016-06-09 06:00:00,-1.0975935734761073,0.3958029546791711,-0.20729917875774467,1.418336
2016-06-09 07:00:00,-1.0975935734761073,0.3958029546791711,0.02074575432946103,1.638808
2016-06-09 08:00:00,-1.0975935734761073,0.75607871620762,0.3628131539602695,1.85928
2016-06-09 09:00:00,-1.0975935734761073,0.75607871620762,0.9329254866782838,1.9996265454545454
2016-06-09 10:00:00,-1.0975935734761073,0.9362165969718445,0.9329254866782838,2.139973090909091
2016-06-09 11:00:00,-1.0975935734761073,0.75607871620762,1.1609704197654898,2.2803196363636364
2016-06-09 12:00:00,-1.0975935734761073,1.2964923585002934,1.503037819396298,2.4206661818181816
2016-06-09 13:00:00,-1.0975935734761073,1.116354477736069,1.7310827524835042,2.561012727272727
2016-06-09 14:00:00,-1.0975935734761073,1.2964923585002934,2.0731501521143127,2.701359272727273
2016-06-09 15:00:00,-1.0975935734761073,1.2964923585002934,1.95912768557071,2.8417058181818184
2016-06-09 16:00:00,-1.0975935734761073,1.2964923585002934,1.8451052190271071,2.9820523636363636
2016-06-09 17:00:00,-1.0975935734761073,1.4766302392645179,2.1871726186579155,3.122398909090909
2016-06-09 18:00:00,-1.0975935734761073,1.6567681200287423,1.95912768557071,3.2627454545454544
2016-06-09 19:00:00,-1.0975935734761073,1.4766302392645179,1.95912768557071,3.403092
2016-06-09 20:00:00,-1.0975935734761073,1.6567681200287423,2.8713074179195326,3.559302
2016-06-09 21:00:00,-1.0975935734761073,1.8369060007929667,2.415217551745121,3.715512
2016-06-09 22:00:00,-1.0975935734761073,1.6567681200287423,2.6432624848323267,3.871722
2016-06-09 23:00:00,-1.0975935734761073,1.6567681200287423,2.301195085201518,4.027932
2016-06-10 00:00:00,-1.0975935734761073,1.8369060007929667,2.415217551745121,4.1841420000000005
2016-06-10 01:00:00,-1.0975935734761073,1.6567681200287423,2.3392025740493856,4.340352
2016-06-10 02:00:00,-1.0975935734761073,2.0170438815571914,2.2631875963536507,4.386326
2016-06-10 03:00:00,-1.0975935734761073,1.6567681200287423,2.1871726186579155,4.432300000000001
2016-06-10 04:00:00,-1.5011618366273674,1.6567681200287423,2.1111576409621806,4.478274000000001
2016-06-10 05:00:00,-1.0975935734761073,1.6567681200287423,2.035142663266445,4.524248
2016-06-10 06:00:00,-1.5011618366273674,1.8369060007929667,1.95912768557071,4.570222
2016-06-10 07:00:00,-1.5011618366273674,1.8369060007929667,2.1871726186579155,4.616196
2016-06-10 08:00:00,-1.5011618366273674,1.8369060007929667,1.8451052190271071,4.5864780000000005
2016-06-10 09:00:00,-1.0975935734761073,1.8369060007929667,1.8451052190271071,4.556760000000001
2016-06-10 10:00:00,-1.5011618366273674,1.8369060007929667,2.0731501521143127,4.527042
2016-06-10 11:00:00,-1.5011618366273674,1.8369060007929667,2.0731501521143127,4.497324
2016-06-10 12:00:00,-1.5011618366273674,1.8369060007929667,2.1871726186579155,4.467606
2016-06-10 13:00:00,-1.5011618366273674,1.8369060007929667,2.1871726186579155,4.437888
2016-06-10 14:00:00,-1.5011618366273674,1.8369060007929667,1.6170602859399013,4.349496
2016-06-10 15:00:00,-1.5011618366273674,1.8369060007929667,2.1871726186579155,4.2611040000000004
2016-06-10 16:00:00,-1.5011618366273674,1.8369060007929667,1.7310827524835042,4.172712000000001
2016-06-10 17:00:00,-1.5011618366273674,1.8369060007929667,2.0731501521143127,4.08432
2016-06-10 18:00:00,-1.5011618366273674,1.6567681200287423,1.8451052190271071,3.995928
2016-06-10 19:00:00,-1.5011618366273674,1.6567681200287423,1.8451052190271071,3.9075360000000003
2016-06-10 20:00:00,-1.5011618366273674,1.2964923585002934,1.8451052190271071,3.8491160000000004
2016-06-10 21:00:00,-1.1514026752296087,1.116354477736069,1.6170602859399013,3.790696
2016-06-10 22:00:00,-1.5011618366273674,1.2964923585002934,1.6170602859399013,3.732276
2016-06-10 23:00:00,-1.5011618366273674,1.4766302392645179,1.6170602859399013,3.6738560000000002
2016-06-11 00:00:00,-1.5011618366273674,1.4766302392645179,1.3890153528526958,3.615436
2016-06-11 01:00:00,-1.5011618366273674,1.8369060007929667,1.6170602859399013,3.557016
2016-06-11 02:00:00,-1.5011618366273674,1.4766302392645179,1.7310827524835042,3.438652
2016-06-11 03:00:00,-1.5011618366273674,1.2964923585002934,2.0731501521143127,3.320288
2016-06-11 04:00:00,-1.5011618366273674,2.197181762321416,2.0731501521143127,3.201924
2016-06-11 05:00:00,-1.5011618366273674,1.8369060007929667,2.0731501521143127,3.08356
2016-06-11 06:00:00,-1.5011618366273674,1.8369060007929667,2.0731501521143127,2.965196
2016-06-11 07:00:00,-1.5011618366273674,2.0170438815571914,2.1871726186579155,2.846832
2016-06-11 08:00:00,-1.1514026752296087,2.737595404614089,1.7310827524835042,2.794508
2016-06-11 09:00:00,-1.5011618366273674,2.197181762321416,1.503037819396298,2.742184
2016-06-11 10:00:00,-1.5011618366273674,2.3773196430856403,1.7310827524835042,2.6898600000000004
2016-06-11 11:00:00,-1.5011618366273674,2.0170438815571914,1.1609704197654898,2.6375360000000003
2016-06-11 12:00:00,-1.5011618366273674,2.0170438815571914,1.1609704197654898,2.5852120000000003
2016-06-11 13:00:00,-1.5011618366273674,2.3773196430856403,1.0469479532218868,2.5328880000000003
2016-06-11 14:00:00,-1.5011618366273674,2.197181762321416,0.9329254866782838,2.404618
2016-06-11 15:00:00,-1.5011618366273674,1.8369060007929667,0.7048805535910784,2.276348
2016-06-11 16:00:00,-1.5011618366273674,1.4766302392645179,0.5908580870474754,2.148078
2016-06-11 17:00:00,-1.5011618366273674,1.4766302392645179,0.7048805535910784,2.0198080000000003
2016-06-11 18:00:00,-1.5011618366273674,1.116354477736069,0.47683562050387246,1.8915380000000002
2016-06-11 19:00:00,-1.5011618366273674,1.116354477736069,0.248790687416667,1.763268
2016-06-11 20:00:00,-1.5011618366273674,0.9362165969718445,0.3628131539602695,1.7505680000000001
2016-06-11 21:00:00,-1.5011618366273674,0.75607871620762,0.248790687416667,1.7378680000000002
2016-06-11 22:00:00,-1.0975935734761073,0.75607871620762,-0.09327671221414195,1.725168
2016-06-11 23:00:00,-1.0975935734761073,0.9362165969718445,0.134768220873064,1.712468
2016-06-12 00:00:00,-1.0975935734761073,0.5759408354433956,-0.20729917875774467,1.6997680000000002
2016-06-12 01:00:00,-1.0975935734761073,0.75607871620762,-0.20729917875774467,1.6870680000000002
2016-06-12 02:00:00,-1.0975935734761073,0.5759408354433956,-0.09327671221414195,1.6456660000000003
2016-06-12 03:00:00,-1.0975935734761073,0.21566507391494663,-0.32132164530134766,1.6042640000000001
2016-06-12 04:00:00,-1.0975935734761073,0.3958029546791711,-0.32132164530134766,1.562862
2016-06-12 05:00:00,-1.0975935734761073,0.5759408354433956,-0.32132164530134766,1.52146
2016-06-12 06:00:00,-1.5011618366273674,0.3958029546791711,-0.32132164530134766,1.480058
2016-06-12 07:00:00,-1.0975935734761073,0.03552719315072216,-0.43534411184495037,1.438656
2016-06-12 08:00:00,-1.0975935734761073,0.21566507391494663,-0.5493665783885533,1.4345919999999999
2016-06-12 09:00:00,-1.0975935734761073,0.03552719315072216,-0.777411511475759,1.430528
2016-06-12 10:00:00,-1.0975935734761073,-0.1446106876135023,-0.6633890449321563,1.4264640000000002
2016-06-12 11:00:00,-1.0975935734761073,-0.1446106876135023,-0.777411511475759,1.4224
2016-06-12 12:00:00,-1.0975935734761073,0.21566507391494663,-0.777411511475759,1.418336
2016-06-12 13:00:00,-1.0975935734761073,0.03552719315072216,-0.891433978019362,1.4142720000000002
2016-06-12 14:00:00,-1.0975935734761073,-0.1446106876135023,-0.891433978019362,1.4277340000000003
2016-06-12 15:00:00,-1.0975935734761073,-0.32474856837772675,-0.777411511475759,1.4411960000000001
2016-06-12 16:00:00,-1.0975935734761073,-0.5048864491419512,-0.891433978019362,1.4546580000000002
2016-06-12 17:00:00,-1.0975935734761073,-0.5048864491419512,-0.891433978019362,1.4681200000000003
2016-06-12 18:00:00,-1.0975935734761073,-0.6850243299061757,-0.777411511475759,1.4815820000000002
2016-06-12 19:00:00,-1.0975935734761073,-0.32474856837772675,-0.777411511475759,1.4950440000000003
2016-06-12 20:00:00,-1.0975935734761073,-0.1446106876135023,-0.891433978019362,1.4861540000000002
2016-06-12 21:00:00,-1.0975935734761073,-0.32474856837772675,-0.777411511475759,1.4772640000000001
2016-06-12 22:00:00,-1.0975935734761073,-0.5048864491419512,-0.891433978019362,1.4683740000000003
2016-06-12 23:00:00,-1.0975935734761073,0.03552719315072216,-0.891433978019362,1.4594840000000002
2016-06-13 00:00:00,-1.0975935734761073,-0.1446106876135023,-0.891433978019362,1.4505940000000002
2016-06-13 01:00:00,-0.6940253103248473,0.03552719315072216,-0.891433978019362,1.441704
2016-06-13 02:00:00,-1.0975935734761073,0.03552719315072216,-1.0054564445629648,1.448816
2016-06-13 03:00:00,-0.6940253103248473,0.03552719315072216,-0.891433978019362,1.455928
2016-06-13 04:00:00,-0.6940253103248473,0.21566507391494663,-1.0054564445629648,1.4630400000000001
2016-06-13 05:00:00,-0.6940253103248473,0.21566507391494663,-0.891433978019362,1.4701520000000001
2016-06-13 06:00:00,-0.2904570471735873,0.21566507391494663,-0.891433978019362,1.4772640000000001
2016-06-13 07:00:00,-0.6940253103248473,0.21566507391494663,-0.777411511475759,1.4843760000000001
2016-06-13 08:00:00,-0.6940253103248473,-0.1446106876135023,-0.5493665783885533,1.5118080000000003
2016-06-13 09:00:00,-0.6940253103248473,0.03552719315072216,-0.5493665783885533,1.5392400000000002
2016-06-13 10:00:00,-0.6940253103248473,0.03552719315072216,-0.43534411184495037,1.566672
2016-06-13 11:00:00,-1.0975935734761073,0.03552719315072216,-0.43534411184495037,1.5941040000000002
2016-06-13 12:00:00,-1.0975935734761073,0.21566507391494663,-0.43534411184495037,1.6215360000000003
2016-06-13 13:00:00,-0.6940253103248473,0.3958029546791711,-0.43534411184495037,1.6489680000000002
2016-06-13 14:00:00,-0.6940253103248473,0.3958029546791711,-0.20729917875774467,1.6738600000000001
2016-06-13 15:00:00,-0.6940253103248473,0.5759408354433956,-0.32132164530134766,1.6987520000000003
2016-06-13 16:00:00,-1.0975935734761073,0.3958029546791711,-0.43534411184495037,1.7236440000000002
2016-06-13 17:00:00,-0.6940253103248473,0.3958029546791711,-0.43534411184495037,1.748536
2016-06-13 18:00:00,-1.0975935734761073,0.3958029546791711,-0.43534411184495037,1.7734280000000002
2016-06-13 19:00:00,-1.0975935734761073,0.21566507391494663,-0.32132164530134766,1.7983200000000001
2016-06-13 20:00:00,-1.0975935734761073,0.21566507391494663,-0.5493665783885533,1.7858740000000002
2016-06-13 21:00:00,-1.0975935734761073,0.03552719315072216,-0.43534411184495037,1.773428
2016-06-13 22:00:00,-1.0975935734761073,-0.1446106876135023,-0.5493665783885533,1.760982
2016-06-13 23:00:00,-1.0975935734761073,-0.32474856837772675,-0.6633890449321563,1.748536
2016-06-14 00:00:00,-0.2904570471735873,-0.5048864491419512,-0.777411511475759,1.73609
2016-06-14 01:00:00,-1.5011618366273674,-0.6850243299061757,-0.777411511475759,1.723644
2016-06-14 02:00:00,-1.0975935734761073,-0.5048864491419512,-0.777411511475759,1.675638
2016-06-14 03:00:00,-1.0975935734761073,-0.8651622106704001,-0.777411511475759,1.627632
2016-06-14 04:00:00,-1.0975935734761073,-0.6850243299061757,-0.6633890449321563,1.579626
2016-06-14 05:00:00,-1.0975935734761073,-1.0453000914346247,-0.6633890449321563,1.53162
2016-06-14 06:00:00,-1.5011618366273674,-0.8651622106704001,-0.6633890449321563,1.483614
2016-06-14 07:00:00,-1.5011618366273674,-0.6850243299061757,-0.777411511475759,1.435608
2016-06-14 08:00:00,-1.1514026752296087,-0.32474856837772675,-0.891433978019362,1.4030960000000001
2016-06-14 09:00:00,-1.1514026752296087,-1.225437972198849,-0.891433978019362,1.370584
2016-06-14 10:00:00,-1.1514026752296087,-0.8651622106704001,-0.891433978019362,1.338072
2016-06-14 11:00:00,-1.1514026752296087,-0.8651622106704001,-1.0054564445629648,1.30556
2016-06-14 12:00:00,-0.7478344120783487,-0.8651622106704001,-1.0054564445629648,1.2730480000000002
2016-06-14 13:00:00,-0.7478344120783487,-0.6850243299061757,-1.1194789111065677,1.240536
2016-06-14 14:00:00,-0.7478344120783487,-0.8651622106704001,-1.2335013776501704,1.2085320000000002
2016-06-14 15:00:00,-0.3442661489270886,-0.5048864491419512,-1.2335013776501704,1.176528
2016-06-14 16:00:00,-0.3442661489270886,-0.8651622106704001,-1.1194789111065677,1.144524
2016-06-14 17:00:00,-0.3442661489270886,-1.585713733727298,-1.1194789111065677,1.1125200000000002
2016-06-14 18:00:00,-0.3442661489270886,-1.585713733727298,-1.1194789111065677,1.080516
2016-06-14 19:00:00,-0.3442661489270886,-1.4055758529630735,-1.1194789111065677,1.048512
2016-06-14 20:00:00,-0.3442661489270886,-0.8651622106704001,-1.1194789111065677,1.0093960000000002
2016-06-14 21:00:00,-0.3442661489270886,-0.32474856837772675,-1.1194789111065677,0.97028
2016-06-14 22:00:00,-0.3442661489270886,-1.585713733727298,-1.1194789111065677,0.9311640000000001
2016-06-14 23:00:00,-0.3442661489270886,-1.225437972198849,-1.1194789111065677,0.8920480000000001
2016-06-15 00:00:00,-0.7478344120783487,-1.225437972198849,-1.1194789111065677,0.852932
2016-06-15 01:00:00,-0.7478344120783487,-1.4055758529630735,-1.1194789111065677,0.813816
2016-06-15 02:00:00,-1.1514026752296087,-1.0453000914346247,-1.2335013776501704,0.783082
2016-06-15 03:00:00,-1.1514026752296087,-1.0453000914346247,-1.2335013776501704,0.752348
2016-06-15 04:00:00,-0.7478344120783487,-1.0453000914346247,-1.2335013776501704,0.721614
2016-06-15 05:00:00,-0.7478344120783487,-1.225437972198849,-1.2335013776501704,0.6908799999999999
2016-06-15 06:00:00,-1.5011618366273674,-1.225437972198849,-1.3475238441937734,0.660146
2016-06-15 07:00:00,-1.1514026752296087,-1.225437972198849,-1.2335013776501704,0.629412
2016-06-15 08:00:00,-0.7478344120783487,-1.225437972198849,-1.2335013776501704,0.609854
2016-06-15 09:00:00,-0.7478344120783487,-1.4055758529630735,-1.2335013776501704,0.590296
2016-06-15 10:00:00,-1.5011618366273674,-1.0453000914346247,-1.2335013776501704,0.570738
2016-06-15 11:00:00,-1.5011618366273674,-1.225437972198849,-1.3475238441937734,0.55118
2016-06-15 12:00:00,-1.1514026752296087,-1.225437972198849,-1.3475238441937734,0.531622
2016-06-15 13:00:00,-0.2904570471735873,-1.225437972198849,-1.3475238441937734,0.5120640000000001
2016-06-15 14:00:00,-0.7478344120783487,-1.0453000914346247,-1.2335013776501704,0.49123600000000006
2016-06-15 15:00:00,0.059302114224171365,-1.0453000914346247,-1.3475238441937734,0.47040800000000005
2016-06-15 16:00:00,-0.3442661489270886,-0.8651622106704001,-1.2335013776501704,0.4495800000000001
2016-06-15 17:00:00,-1.1514026752296087,-0.8651622106704001,-1.3475238441937734,0.4287520000000001
2016-06-15 18:00:00,-0.3442661489270886,-1.0453000914346247,-1.2335013776501704,0.40792400000000006
2016-06-15 19:00:00,-1.5011618366273674,-0.8651622106704001,-1.2335013776501704,0.38709600000000005
2016-06-15 20:00:00,-1.0975935734761073,-1.0453000914346247,-1.2335013776501704,0.37084000000000006
2016-06-15 21:00:00,-1.5011618366273674,-0.8651622106704001,-1.2335013776501704,0.354584
2016-06-15 22:00:00,1.2700069036779513,-1.0453000914346247,-1.2335013776501704,0.338328
2016-06-15 23:00:00,1.6735751668292114,-1.0453000914346247,-1.1194789111065677,0.322072
2016-06-16 00:00:00,-1.0975935734761073,-1.225437972198849,-1.2335013776501704,0.305816
2016-06-16 01:00:00,-0.6940253103248473,-1.0453000914346247,-1.2335013776501704,0.28956
2016-06-16 02:00:00,0.9202477422801927,-1.225437972198849,-1.2335013776501704,0.280924
2016-06-16 03:00:00,-1.0975935734761073,-1.585713733727298,-1.2335013776501704,0.272288
2016-06-16 04:00:00,-1.1514026752296087,-1.585713733727298,-1.2335013776501704,0.263652
2016-06-16 05:00:00,1.6735751668292114,-1.9459894952557468,-1.2335013776501704,0.255016
2016-06-16 06:00:00,0.8664386405266914,-1.9459894952557468,-1.2335013776501704,0.24638
2016-06-16 07:00:00,0.46287037737543135,-1.9459894952557468,-1.3475238441937734,0.237744
2016-06-16 08:00:00,0.8664386405266914,-1.7658516144915224,-1.3475238441937734,0.239268
2016-06-16 09:00:00,-1.0975935734761073,-1.7658516144915224,-1.2335013776501704,0.240792
2016-06-16 10:00:00,1.2700069036779513,-1.7658516144915224,-1.2335013776501704,0.24231600000000003
2016-06-16 11:00:00,0.5166794791289328,-1.9459894952557468,-1.3475238441937734,0.24384000000000003
2016-06-16 12:00:00,0.1131112159776727,-1.585713733727298,-1.3475238441937734,0.24536400000000003
2016-06-16 13:00:00,0.5166794791289328,-1.7658516144915224,-1.3475238441937734,0.24688800000000002
2016-06-16 14:00:00,-0.3442661489270886,-1.7658516144915224,-1.2335013776501704,0.25247600000000003
2016-06-16 15:00:00,0.1131112159776727,-1.9459894952557468,-1.3475238441937734,0.258064
2016-06-16 16:00:00,1.6735751668292114,-1.9459894952557468,-1.3475238441937734,0.263652
2016-06-16 17:00:00,0.46287037737543135,-1.7658516144915224,-1.2335013776501704,0.26924000000000003
2016-06-16 18:00:00,-1.0975935734761073,-1.7658516144915224,-1.3475238441937734,0.274828
2016-06-16 19:00:00,1.6735751668292114,-1.585713733727298,-1.3475238441937734,0.280416
